{ // comments in this json file are allowed
    "global_params": { // these parameters will be available for all actions
        "installation_root": "~/WADROOT", // Use a ~ for the executing user's home folder
        "pgsql_port": 5432, // Port for PostgreSQL server
        "rest_port": 8042,  // Port for REST access to Orthanc
        "pacs_port": 11112, // Port for PACS node
        "virtualenv": "~/Envs/wad2env3/bin" // Leave empty or give the path to bin folder of the virtualenv to use e.g. ~/Envs/wad2env3/bin
    },
    "actions": [ // must be a list to fix order of execution
        { // 01. prerequisites: python-dev, curl, postgresql lib (package names are adjusted automatically when running python3)
            "cmd": "yum_install",
            "kwargs": {"pkgs": ["python36", "python36-devel", "curl", "postgresql-libs", "postgresql-devel", "lua-socket"] } 
        },
        { // 02. prerequisites for modules: tesseract-ocr
            "cmd": "yum_install",
            "kwargs": {"pkgs": ["tesseract"] } 
        },
        { // 03. prepare for installation: folders, scripts, settings; do this before from-bigsql and from-dropbox installations
            "cmd": "create_folders_settings",
            "kwargs": {
                "orthanc_pass": "waddemo",  // Password for user access to Orthanc
                "iqcdb_pass":"waddemo",     // Password for owner of WAD-QC DB
                "orthancdb_pass": "waddemo" // Password for owner of Orthanc DB
            }
        },
        { // 04b. install postgresql option b: from repository and disable systemd service
            "cmd": "postgresql_install",
            "kwargs": {"source": "yum_systemd" } 
        },
        { // 05a. install orthanc option a: precompiled with postgresql from dropbox (needs requests and tarfile)
            "cmd": "orthanc_install",
            "kwargs": {"source": "dropbox_Lin64_CentOS7" }
        },
        { // 09. install the tested versions of python packages, including most dependencies for modules. wad_qc can still require other packages.
            "cmd": "pip_install_requirements",
            "kwargs": {}
        },
        { // 10. install wad: pip install --upgrade wad_qc
            "cmd": "pip_install",
            "kwargs": {"pkglist": ["dist/wad_qc-latest-py2.py3-none-any.whl"] } 
        },
        { // 11a. databases: create root database for PostgreSQL
            "cmd": "create_postgresql_datadir",
            "kwargs": {} 
        },
        { // 12. systemd: PostgreSQL 
            "cmd": "create_start_systemd",
            "kwargs": {"service": "wadpostgresql"} // postgresql service, will run as current user
        },
        { // 13. databases: create databases for WAD-QC and for Orthanc
            "cmd": "create_databases",
            "kwargs": {} 
        },
        { // 14. databases: initialize databases
            "cmd": "initialize_wadqc",
            "kwargs": {} 
        },
        { // 20. python dependencies for general modules (also included in step 29): numpy scipy pillow matplotlib selectors34
            "cmd": "pip_install",
            "kwargs": {"pkglist": ["numpy", "scipy", "pillow", "matplotlib", "selectors34"] } 
        },
        { // 21. python dependencies for OCR (also included in step 29): pyocr
            "cmd": "pip_install",
            "kwargs": {"pkglist": ["pyocr"] } 
        },
        { // 29. force install the tested versions of python packages, including most dependencies for modules. wad_qc can still require other packages.
            "cmd": "pip_install_requirements",
            "kwargs": {}
        },
        { // 30. httpd: enable. apache2 is httpd on CentOS.
            "cmd": "enable_httpd",
            "kwargs": {"mode": "systemd"} // only systemd implemented right now 
        },
        { // 31. apache2: deploy sites
            "cmd": "httpd_deploy_sites",
            "kwargs": {
                "sitelist": ["wad_admin", "wad_dashboard", "wad_api"], // sites will run as current user
                "portlist": [12001, 80, 3000],
                "nolisten": [80]
            }
        },
        { // 32. firewall: open ports
            "cmd": "firewall_add_port",
            "kwargs": {
                "portlist": [12001, 80, 3000, 8042, 11112]
            }
        },
        { // 40. systemd: wadprocessor
            "cmd": "create_start_systemd",
            "kwargs": {"service": "wadprocessor" } // wadprocessor service, will run as current user
        },
        { // 41. systemd: Orthanc
            "cmd": "create_start_systemd",
            "kwargs": {"service": "wadorthanc"} // orthanc service, will run as current user
        },
        { // 50. fix waduser permissions and time-out settings (Ubuntu, CentOS7, not-development installation)
          //   see troubleshooting section on the wiki
            "cmd": "platform_fixes", 
            "kwargs": {"fixes": ["removeipc", "enable-linger", "httpdtimeout"] } 
        },
        { // 90. exit wad_setup and restart wadservices
            "cmd": "wadservices",
            "kwargs": {"command": "restart", "services": "all"}
        }        
    ]
}
